example_id,claim_id,gold_label_binary,mdeberta_pred_B0,mdeberta_pred_B0_LR,mdeberta_pred_B1,mdeberta_pred_B1_LR,mdeberta_pred_B3,minilm_pred_B0,minilm_pred_B0_LR,minilm_pred_B1,minilm_pred_B1_LR,minilm_pred_B3
test00561_chunk_0,test00561,0,0,0,0,0,0,0,0,0,0,0
test00561_chunk_1,test00561,0,0,0,0,0,0,0,0,0,0,0
test00561_chunk_2,test00561,0,0,0,0,0,0,0,0,0,0,0
test03787_chunk_3,test03787,0,0,0,0,0,0,0,0,0,1,0
test03787_chunk_4,test03787,0,0,0,0,0,0,1,1,0,0,0
test03787_chunk_5,test03787,0,0,0,0,0,0,1,1,1,1,0
test01962_chunk_6,test01962,0,0,0,0,0,0,0,1,0,0,0
test01962_chunk_7,test01962,0,0,0,0,0,0,0,0,0,0,0
test01962_chunk_8,test01962,0,1,1,0,0,0,0,0,0,0,0
test04287_chunk_9,test04287,0,0,0,0,0,0,0,0,0,0,0
test04287_chunk_10,test04287,0,0,0,0,0,0,0,0,0,0,0
test04287_chunk_11,test04287,0,0,0,0,0,0,0,0,0,0,0
test00912_chunk_12,test00912,1,0,0,0,0,0,1,1,1,1,1
test00912_chunk_13,test00912,1,0,0,0,0,0,0,0,0,0,0
test00912_chunk_14,test00912,1,1,1,1,1,1,0,0,1,1,1
test02812_chunk_15,test02812,0,1,1,0,0,0,0,0,0,0,0
test02812_chunk_16,test02812,0,0,0,0,0,0,0,1,0,0,0
test02812_chunk_17,test02812,0,0,0,0,0,0,0,0,1,1,1
test00064_chunk_18,test00064,0,0,0,0,0,0,1,1,0,0,0
test00064_chunk_19,test00064,0,0,0,0,0,0,1,1,0,0,0
test00064_chunk_20,test00064,0,0,0,0,0,0,1,1,0,0,0
test01029_chunk_21,test01029,0,0,0,0,0,0,1,1,1,1,1
test01029_chunk_22,test01029,0,0,0,0,0,0,1,1,1,1,1
test01029_chunk_23,test01029,0,0,0,0,0,0,0,0,0,0,0
test04328_chunk_24,test04328,1,1,1,1,1,1,0,0,0,1,1
test04328_chunk_25,test04328,1,1,1,1,1,1,1,0,1,1,1
test04328_chunk_26,test04328,1,1,1,1,1,1,0,0,0,1,0
test03444_chunk_27,test03444,1,0,0,0,0,0,0,1,0,0,0
test03444_chunk_28,test03444,1,0,0,0,0,0,1,1,0,0,0
test03444_chunk_29,test03444,1,0,0,0,0,0,0,0,1,1,1
test04504_chunk_30,test04504,0,0,0,0,0,0,1,1,0,0,0
test04504_chunk_31,test04504,0,0,1,0,0,0,1,1,0,0,0
test04504_chunk_32,test04504,0,0,0,0,0,0,0,0,0,0,0
test02359_chunk_33,test02359,0,0,0,0,0,0,1,0,1,1,1
test02359_chunk_34,test02359,0,0,0,0,0,0,0,0,0,0,0
test02359_chunk_35,test02359,0,0,0,0,0,0,0,0,0,0,0
test01062_chunk_36,test01062,0,1,1,1,1,1,0,0,0,0,0
test01062_chunk_37,test01062,0,1,1,1,1,1,0,0,0,0,0
test01062_chunk_38,test01062,0,1,1,1,1,1,0,0,0,0,0
test04259_chunk_39,test04259,0,0,0,1,1,1,1,1,1,1,1
test04259_chunk_40,test04259,0,1,1,1,1,1,0,0,1,1,1
test04259_chunk_41,test04259,0,1,1,1,1,1,0,0,0,0,0
test02571_chunk_42,test02571,0,0,0,0,0,0,1,1,1,1,1
test02571_chunk_43,test02571,0,0,0,0,0,0,1,1,1,1,1
test02571_chunk_44,test02571,0,0,0,0,0,0,1,1,1,1,1
test03809_chunk_45,test03809,0,0,0,0,0,0,1,1,1,1,0
test03809_chunk_46,test03809,0,0,0,0,0,0,1,1,1,1,1
test03809_chunk_47,test03809,0,0,0,1,0,0,1,1,1,1,1
test04310_chunk_48,test04310,1,1,1,1,1,1,0,1,1,1,1
test04310_chunk_49,test04310,1,1,1,1,1,1,1,1,1,1,1
test04310_chunk_50,test04310,1,1,1,1,1,1,1,1,1,1,1
test03749_chunk_51,test03749,0,0,0,0,0,0,1,0,0,0,0
test03749_chunk_52,test03749,0,0,0,0,0,0,0,0,0,0,0
test03749_chunk_53,test03749,0,0,0,0,0,0,0,0,0,0,0
test01231_chunk_54,test01231,0,0,0,0,0,0,0,0,0,0,0
test01231_chunk_55,test01231,0,0,0,0,0,0,1,1,0,0,0
test01231_chunk_56,test01231,0,0,0,0,0,0,1,1,1,1,0
test04247_chunk_57,test04247,0,1,1,1,1,1,0,0,0,0,0
test04247_chunk_58,test04247,0,1,1,1,1,1,0,0,0,0,0
test04247_chunk_59,test04247,0,1,1,1,1,1,0,0,0,0,0
test02993_chunk_60,test02993,0,0,0,0,0,0,0,0,0,0,0
test02993_chunk_61,test02993,0,0,0,0,0,0,1,1,1,1,1
test02993_chunk_62,test02993,0,0,0,0,0,0,0,0,0,0,0
test04499_chunk_63,test04499,0,0,0,0,0,0,0,1,0,0,0
test04499_chunk_64,test04499,0,0,0,0,0,0,0,0,0,0,0
test04499_chunk_65,test04499,0,0,0,0,0,0,1,1,1,1,1
test01901_chunk_66,test01901,0,1,1,1,1,1,0,0,0,0,0
test01901_chunk_67,test01901,0,1,1,1,1,1,1,1,1,1,1
test01901_chunk_68,test01901,0,1,1,1,1,1,0,1,0,0,0
test01064_chunk_69,test01064,1,0,0,0,0,0,1,1,0,1,1
test01064_chunk_70,test01064,1,0,0,0,0,0,1,1,1,1,1
test01064_chunk_71,test01064,1,0,0,0,0,0,1,1,1,1,1
test04021_chunk_72,test04021,1,1,1,1,1,1,1,1,1,1,1
test04021_chunk_73,test04021,1,1,1,1,1,1,1,1,1,1,1
test04021_chunk_74,test04021,1,1,1,1,1,1,1,1,1,1,1
test04027_chunk_75,test04027,0,1,1,1,1,1,1,1,1,1,1
test04027_chunk_76,test04027,0,1,1,0,0,0,1,1,0,0,0
test04027_chunk_77,test04027,0,1,1,0,1,1,1,1,0,0,0
test00879_chunk_78,test00879,0,1,1,1,1,1,1,1,1,1,1
test00879_chunk_79,test00879,0,1,1,1,1,1,1,1,1,1,1
test00879_chunk_80,test00879,0,1,1,1,1,1,1,1,1,1,1
test02384_chunk_81,test02384,0,0,0,0,0,0,1,1,1,1,1
test02384_chunk_82,test02384,0,1,1,1,1,1,1,1,1,1,1
test02384_chunk_83,test02384,0,0,0,0,0,0,1,1,0,0,1
test00093_chunk_84,test00093,0,0,0,0,0,0,0,0,0,0,0
test00093_chunk_85,test00093,0,0,0,0,0,0,0,0,0,0,0
test00093_chunk_86,test00093,0,0,0,0,0,0,0,0,0,0,0
test00115_chunk_87,test00115,0,0,0,0,0,0,0,1,0,0,0
test00115_chunk_88,test00115,0,0,0,0,0,0,0,1,0,0,0
test00115_chunk_89,test00115,0,1,1,1,1,1,0,1,0,0,0
test03760_chunk_90,test03760,0,0,0,0,0,0,0,0,0,0,0
test03760_chunk_91,test03760,0,0,0,0,0,0,0,0,0,0,0
test03760_chunk_92,test03760,0,0,0,0,0,0,0,1,0,0,0
test02816_chunk_93,test02816,0,0,0,0,0,0,0,0,0,0,0
test02816_chunk_94,test02816,0,0,0,0,0,0,0,0,0,0,0
test02816_chunk_95,test02816,0,0,0,0,0,0,0,0,0,0,0
test00128_chunk_96,test00128,0,0,0,0,0,0,0,0,0,0,0
test00128_chunk_97,test00128,0,0,0,0,0,0,0,0,0,0,0
test00128_chunk_98,test00128,0,0,0,1,1,1,0,0,0,0,0
test00069_chunk_99,test00069,0,0,0,0,0,0,1,1,0,0,0
test00069_chunk_100,test00069,0,0,0,0,0,0,0,1,0,0,0
test00069_chunk_101,test00069,0,0,0,0,0,0,0,0,0,0,0
test02894_chunk_102,test02894,0,0,0,0,0,0,0,0,0,0,0
test02894_chunk_103,test02894,0,0,0,0,0,0,0,0,0,0,0
test02894_chunk_104,test02894,0,0,0,0,0,0,0,0,0,0,0
test02342_chunk_105,test02342,0,1,1,0,0,0,0,1,1,1,1
test02342_chunk_106,test02342,0,1,1,0,0,0,0,0,1,1,1
test02342_chunk_107,test02342,0,0,0,1,0,0,0,0,1,1,1
test04460_chunk_108,test04460,1,0,1,1,1,1,1,1,0,0,0
test04460_chunk_109,test04460,1,1,1,1,1,1,1,1,1,1,1
test04460_chunk_110,test04460,1,0,0,0,0,0,1,1,1,1,1
test01762_chunk_111,test01762,1,0,0,0,0,0,1,1,1,1,1
test01762_chunk_112,test01762,1,0,0,0,0,0,1,1,1,1,1
test01762_chunk_113,test01762,1,0,0,0,0,0,1,1,1,1,1
test01429_chunk_114,test01429,0,1,1,1,1,1,0,1,0,0,0
test01429_chunk_115,test01429,0,1,1,1,1,1,0,1,0,0,0
test01429_chunk_116,test01429,0,1,1,1,1,1,0,1,0,0,0
test04515_chunk_117,test04515,1,0,0,0,0,0,0,0,0,0,0
test04515_chunk_118,test04515,1,0,0,0,0,0,0,0,0,0,0
test04515_chunk_119,test04515,1,0,0,0,0,0,0,0,0,0,0
test03895_chunk_120,test03895,0,0,0,0,0,0,0,0,0,0,0
test03895_chunk_121,test03895,0,0,0,0,0,0,0,0,0,0,0
test03895_chunk_122,test03895,0,0,0,0,0,0,0,0,0,0,0
test01448_chunk_123,test01448,0,0,0,0,0,0,0,1,0,0,0
test01448_chunk_124,test01448,0,0,0,0,0,0,1,1,0,0,0
test01448_chunk_125,test01448,0,0,0,0,0,0,0,1,0,0,0
test03771_chunk_126,test03771,0,0,0,0,0,0,1,1,0,0,0
test03771_chunk_127,test03771,0,0,0,0,0,0,1,1,0,0,0
test03771_chunk_128,test03771,0,0,0,0,0,0,1,1,0,0,0
test00726_chunk_129,test00726,1,0,0,0,0,0,1,1,1,1,1
test00726_chunk_130,test00726,1,0,0,1,1,1,0,1,0,0,0
test00726_chunk_131,test00726,1,1,1,1,0,0,1,1,0,1,0
test03840_chunk_132,test03840,0,1,1,1,0,0,1,1,1,1,0
test03840_chunk_133,test03840,0,0,1,0,0,0,0,0,0,0,0
test03840_chunk_134,test03840,0,1,1,1,1,1,0,1,0,0,0
test02072_chunk_135,test02072,0,0,0,0,0,0,0,0,0,0,0
test02072_chunk_136,test02072,0,0,0,0,0,0,0,0,0,0,0
test02072_chunk_137,test02072,0,0,0,0,0,0,0,0,0,0,0
test00996_chunk_138,test00996,0,1,1,1,1,1,0,0,1,1,1
test00996_chunk_139,test00996,0,0,0,1,1,1,1,1,1,1,1
test00996_chunk_140,test00996,0,1,1,1,1,1,0,0,1,1,1
test02315_chunk_141,test02315,1,0,0,0,0,0,1,1,0,1,0
test02315_chunk_142,test02315,1,1,1,1,1,1,1,1,1,1,1
test02315_chunk_143,test02315,1,1,1,1,1,1,1,1,0,0,0
test03997_chunk_144,test03997,0,0,0,0,0,0,0,0,0,0,0
test03997_chunk_145,test03997,0,0,0,0,0,0,0,0,0,0,0
test03997_chunk_146,test03997,0,0,0,0,0,0,0,0,0,0,0
test02130_chunk_147,test02130,0,0,0,0,0,0,0,1,0,0,0
test02130_chunk_148,test02130,0,0,0,0,0,0,1,1,1,1,1
test02130_chunk_149,test02130,0,0,0,1,0,0,0,1,0,0,0
test01053_chunk_150,test01053,1,0,0,0,0,0,0,0,0,0,0
test01053_chunk_151,test01053,1,0,0,1,1,1,0,0,0,0,0
test01053_chunk_152,test01053,1,0,0,0,0,0,0,0,0,0,0
test03602_chunk_153,test03602,0,0,0,0,0,0,0,0,0,0,0
test03602_chunk_154,test03602,0,0,0,0,0,0,0,0,1,1,1
test03602_chunk_155,test03602,0,0,1,0,0,0,0,0,0,0,1
test03437_chunk_156,test03437,0,0,0,0,0,0,0,1,0,0,0
test03437_chunk_157,test03437,0,0,0,0,0,0,0,1,0,0,0
test03437_chunk_158,test03437,0,0,0,0,0,0,0,0,0,0,0
test01425_chunk_159,test01425,0,1,1,1,1,1,1,0,1,1,1
test01425_chunk_160,test01425,0,1,1,1,1,1,0,1,1,1,0
test01425_chunk_161,test01425,0,1,1,1,1,1,0,0,1,1,1
test04456_chunk_162,test04456,1,0,0,0,0,0,1,1,0,0,0
test04456_chunk_163,test04456,1,1,1,1,1,1,0,1,0,0,0
test04456_chunk_164,test04456,1,0,0,1,0,0,1,1,0,0,0
test04455_chunk_165,test04455,0,0,0,0,0,0,0,0,0,0,0
test04455_chunk_166,test04455,0,0,0,0,0,0,0,0,0,0,0
test04455_chunk_167,test04455,0,1,1,0,0,0,0,0,0,0,0
test01146_chunk_168,test01146,0,0,0,0,0,0,0,0,0,0,0
test01146_chunk_169,test01146,0,0,0,0,0,0,0,0,0,0,0
test01146_chunk_170,test01146,0,0,0,0,0,0,0,1,0,0,0
test00883_chunk_171,test00883,0,1,1,1,1,1,0,0,1,1,1
test00883_chunk_172,test00883,0,1,1,1,1,1,0,1,0,0,0
test00883_chunk_173,test00883,0,0,0,0,0,1,0,0,0,0,0
test02428_chunk_174,test02428,0,0,0,1,1,1,1,1,1,1,1
test02428_chunk_175,test02428,0,1,1,0,1,1,1,1,0,0,0
test02428_chunk_176,test02428,0,0,0,0,0,0,1,1,1,1,1
test00965_chunk_177,test00965,0,0,0,0,0,0,1,1,0,0,0
test00965_chunk_178,test00965,0,0,0,0,0,0,0,0,0,0,0
test00965_chunk_179,test00965,0,0,1,0,0,0,0,0,0,0,0
test01741_chunk_180,test01741,0,0,0,0,0,0,0,0,1,1,1
test01741_chunk_181,test01741,0,0,0,0,0,0,0,0,0,0,0
test01741_chunk_182,test01741,0,0,0,0,0,0,0,1,1,1,1
test03132_chunk_183,test03132,0,0,0,0,0,0,0,0,0,0,0
test03132_chunk_184,test03132,0,0,0,0,0,0,0,0,1,1,1
test03132_chunk_185,test03132,0,0,0,0,0,0,0,0,0,0,0
test03098_chunk_186,test03098,0,0,0,0,0,0,0,1,0,0,0
test03098_chunk_187,test03098,0,0,0,0,0,0,0,1,0,0,0
test03098_chunk_188,test03098,0,0,0,0,0,0,0,1,0,0,1
test02288_chunk_189,test02288,0,0,0,0,0,0,0,0,0,0,0
test02288_chunk_190,test02288,0,0,0,0,0,0,0,0,1,1,1
test02288_chunk_191,test02288,0,0,0,0,0,0,0,0,1,1,1
test01201_chunk_192,test01201,0,0,0,0,0,0,0,1,0,0,0
test01201_chunk_193,test01201,0,0,0,0,0,0,0,1,0,0,0
test01201_chunk_194,test01201,0,0,0,1,0,0,0,0,0,0,0
test02770_chunk_195,test02770,1,0,0,0,0,0,0,1,0,0,0
test02770_chunk_196,test02770,1,0,0,0,0,0,0,0,0,0,0
test02770_chunk_197,test02770,1,0,0,0,1,1,0,0,0,0,0
test03759_chunk_198,test03759,0,0,0,1,0,0,0,1,0,0,0
test03759_chunk_199,test03759,0,0,0,1,0,0,1,1,0,0,1
test03759_chunk_200,test03759,0,1,1,1,1,1,0,0,0,0,0
test03723_chunk_201,test03723,0,1,1,1,1,1,0,0,0,0,0
test03723_chunk_202,test03723,0,1,1,1,1,1,0,0,0,0,0
test03723_chunk_203,test03723,0,0,0,1,1,1,0,0,0,0,0
test00345_chunk_204,test00345,0,0,0,0,0,0,0,0,1,1,1
test00345_chunk_205,test00345,0,0,0,0,0,0,0,0,0,1,0
test00345_chunk_206,test00345,0,0,0,0,0,0,0,0,1,1,1
test03017_chunk_207,test03017,0,0,0,0,0,0,0,0,0,0,0
test03017_chunk_208,test03017,0,0,0,0,0,0,0,0,0,0,0
test03017_chunk_209,test03017,0,0,0,0,0,0,0,0,0,0,0
test00287_chunk_210,test00287,0,0,0,0,0,0,0,0,0,0,0
test00287_chunk_211,test00287,0,0,0,0,0,0,0,0,0,0,0
test00287_chunk_212,test00287,0,0,0,0,0,0,0,0,0,0,0
test03084_chunk_213,test03084,0,1,1,1,1,1,0,0,0,0,0
test03084_chunk_214,test03084,0,0,0,0,0,0,1,1,0,0,0
test03084_chunk_215,test03084,0,0,0,0,0,0,1,1,0,0,0
test00901_chunk_216,test00901,0,1,1,1,1,1,0,0,0,0,0
test00901_chunk_217,test00901,0,1,1,1,1,1,0,0,0,0,0
test00901_chunk_218,test00901,0,1,1,1,1,1,0,0,0,0,0
test03137_chunk_219,test03137,0,1,1,1,1,1,0,1,1,1,1
test03137_chunk_220,test03137,0,0,0,0,0,0,0,1,0,0,0
test03137_chunk_221,test03137,0,0,0,0,0,0,1,1,0,0,0
test02292_chunk_222,test02292,0,0,0,0,0,0,0,0,0,0,0
test02292_chunk_223,test02292,0,0,0,0,0,0,0,1,0,0,0
test02292_chunk_224,test02292,0,0,0,0,0,0,0,0,0,0,0
test01760_chunk_225,test01760,0,1,1,1,1,1,0,0,0,0,0
test01760_chunk_226,test01760,0,1,1,1,1,1,1,1,1,1,1
test01760_chunk_227,test01760,0,1,1,1,1,1,0,0,1,1,1
test01493_chunk_228,test01493,0,0,0,1,0,0,0,0,1,1,1
test01493_chunk_229,test01493,0,0,0,1,1,1,0,0,0,0,0
test01493_chunk_230,test01493,0,0,1,1,1,1,1,0,1,1,1
test00937_chunk_231,test00937,0,0,0,1,1,1,0,0,0,0,0
test00937_chunk_232,test00937,0,0,0,1,0,0,0,0,0,0,0
test00937_chunk_233,test00937,0,0,0,1,0,0,0,0,0,0,0
test00874_chunk_234,test00874,0,1,1,1,0,0,0,0,1,1,1
test00874_chunk_235,test00874,0,1,1,1,1,1,1,0,1,1,1
test00874_chunk_236,test00874,0,1,1,1,1,1,0,0,1,1,1
test01697_chunk_237,test01697,1,1,1,1,0,0,0,0,0,0,0
test01697_chunk_238,test01697,1,1,1,1,1,1,1,1,1,1,0
test01697_chunk_239,test01697,1,1,1,1,1,1,0,0,0,0,0
test02236_chunk_240,test02236,0,0,0,0,0,0,0,0,0,0,0
test02236_chunk_241,test02236,0,0,0,0,0,0,0,0,0,0,1
test02236_chunk_242,test02236,0,1,1,1,1,1,0,0,0,0,0
test02679_chunk_243,test02679,1,0,0,0,0,1,1,1,1,1,1
test02679_chunk_244,test02679,1,0,1,1,1,1,1,1,1,1,1
test02679_chunk_245,test02679,1,0,0,1,1,1,1,1,1,1,1
test03001_chunk_246,test03001,0,0,0,0,0,0,0,0,0,0,0
test03001_chunk_247,test03001,0,0,0,0,0,0,0,0,0,0,0
test03001_chunk_248,test03001,0,0,0,0,0,0,0,0,0,0,0
test03718_chunk_249,test03718,0,0,0,0,0,0,0,1,0,0,0
test03718_chunk_250,test03718,0,0,0,0,0,0,0,0,1,1,1
test03718_chunk_251,test03718,0,0,0,0,0,0,1,1,1,1,1
test01035_chunk_252,test01035,0,0,1,1,0,0,1,1,0,0,0
test01035_chunk_253,test01035,0,1,1,1,1,1,0,0,0,0,0
test01035_chunk_254,test01035,0,0,0,1,1,1,0,0,0,0,0
test02238_chunk_255,test02238,0,0,0,0,0,0,0,0,1,1,1
test02238_chunk_256,test02238,0,0,0,0,0,0,0,0,0,0,0
test02238_chunk_257,test02238,0,0,0,0,0,0,0,0,0,0,0
test02553_chunk_258,test02553,0,0,0,0,0,0,0,0,0,0,0
test02553_chunk_259,test02553,0,0,0,0,0,0,1,1,0,0,0
test02553_chunk_260,test02553,0,0,0,0,0,0,1,1,0,0,0
test02877_chunk_261,test02877,0,0,0,0,0,0,0,0,0,0,0
test02877_chunk_262,test02877,0,0,0,0,0,0,0,0,0,0,0
test02877_chunk_263,test02877,0,0,0,0,0,0,0,1,0,0,0
test01426_chunk_264,test01426,1,0,0,0,0,0,1,1,1,1,1
test01426_chunk_265,test01426,1,0,0,0,0,0,1,1,1,1,1
test01426_chunk_266,test01426,1,0,0,0,0,0,1,1,1,1,1
test03777_chunk_267,test03777,0,0,0,0,0,0,0,0,0,0,0
test03777_chunk_268,test03777,0,1,1,1,1,1,0,0,0,0,0
test03777_chunk_269,test03777,0,1,1,0,0,0,0,1,1,1,1
test04002_chunk_270,test04002,0,1,1,1,1,1,1,1,0,0,0
test04002_chunk_271,test04002,0,1,1,1,1,1,1,1,1,1,0
test04002_chunk_272,test04002,0,1,1,1,1,1,1,1,0,0,1
test01979_chunk_273,test01979,1,0,0,0,0,0,0,0,0,0,0
test01979_chunk_274,test01979,1,0,0,0,0,0,1,1,1,1,1
test01979_chunk_275,test01979,1,0,0,0,0,0,0,0,1,1,1
test00017_chunk_276,test00017,1,1,1,1,1,1,1,1,1,1,1
test00017_chunk_277,test00017,1,0,0,1,1,1,1,1,1,1,1
test00017_chunk_278,test00017,1,1,1,1,1,1,1,1,1,1,1
test03225_chunk_279,test03225,1,1,1,1,1,1,1,1,1,1,1
test03225_chunk_280,test03225,1,1,1,1,1,1,0,0,0,0,0
test03225_chunk_281,test03225,1,1,1,1,1,1,0,1,0,0,0
test01957_chunk_282,test01957,0,0,0,0,0,0,0,0,0,0,0
test01957_chunk_283,test01957,0,0,0,0,0,0,0,0,0,0,0
test01957_chunk_284,test01957,0,0,0,0,0,0,1,0,1,1,0
test02661_chunk_285,test02661,1,0,0,0,0,0,0,0,1,1,1
test02661_chunk_286,test02661,1,0,0,0,0,0,1,1,1,1,1
test02661_chunk_287,test02661,1,0,0,0,0,0,0,1,0,0,0
test04349_chunk_288,test04349,1,0,0,1,1,1,0,0,1,1,1
test04349_chunk_289,test04349,1,0,0,1,1,1,1,1,0,0,0
test04349_chunk_290,test04349,1,0,0,1,1,1,0,1,0,1,1
test03394_chunk_291,test03394,0,0,0,0,0,0,0,1,0,0,0
test03394_chunk_292,test03394,0,0,0,0,0,0,0,1,0,0,0
test03394_chunk_293,test03394,0,0,0,1,0,0,1,1,0,0,0
test03788_chunk_294,test03788,0,1,1,1,1,1,0,0,0,1,1
test03788_chunk_295,test03788,0,1,1,1,1,1,1,1,1,1,1
test03788_chunk_296,test03788,0,1,1,1,1,1,1,1,0,0,0
test02547_chunk_297,test02547,0,0,0,0,0,0,1,1,0,0,1
test02547_chunk_298,test02547,0,0,0,0,0,0,0,0,0,0,0
test02547_chunk_299,test02547,0,0,0,0,0,0,0,1,0,0,0
test04279_chunk_300,test04279,0,0,0,0,0,0,0,1,1,1,1
test04279_chunk_301,test04279,0,0,0,0,0,0,0,0,0,0,1
test04279_chunk_302,test04279,0,0,0,0,0,0,1,1,1,1,1
test03432_chunk_303,test03432,0,1,1,1,1,1,0,1,0,0,0
test03432_chunk_304,test03432,0,1,1,1,1,1,0,0,0,0,0
test03432_chunk_305,test03432,0,0,0,1,1,1,0,0,0,0,0
test02196_chunk_306,test02196,0,0,0,0,0,0,0,1,0,0,0
test02196_chunk_307,test02196,0,0,0,0,0,0,1,1,0,0,0
test02196_chunk_308,test02196,0,0,0,0,0,0,1,1,0,0,0
test02213_chunk_309,test02213,0,0,0,0,0,0,1,1,0,0,0
test02213_chunk_310,test02213,0,0,1,1,1,1,0,1,0,0,0
test02213_chunk_311,test02213,0,0,0,0,0,0,0,1,0,0,0
test00231_chunk_312,test00231,0,1,1,1,1,1,0,1,0,0,0
test00231_chunk_313,test00231,0,0,0,0,0,0,1,0,0,0,0
test00231_chunk_314,test00231,0,0,0,0,0,0,0,1,0,0,0
test01572_chunk_315,test01572,1,0,0,0,0,0,0,0,1,1,1
test01572_chunk_316,test01572,1,0,0,0,0,0,0,0,1,1,1
test01572_chunk_317,test01572,1,0,0,0,0,0,0,0,0,0,0
test03215_chunk_318,test03215,1,1,1,1,1,1,1,1,1,1,1
test03215_chunk_319,test03215,1,1,1,1,1,1,0,1,0,0,0
test03215_chunk_320,test03215,1,1,1,1,1,1,1,1,0,1,1
test01297_chunk_321,test01297,1,0,0,0,0,0,0,0,0,0,0
test01297_chunk_322,test01297,1,0,0,0,0,0,0,1,0,0,0
test01297_chunk_323,test01297,1,0,0,0,0,0,1,1,1,1,1
test04524_chunk_324,test04524,1,0,0,1,1,1,0,0,0,0,0
test04524_chunk_325,test04524,1,0,0,0,0,0,0,0,0,0,0
test04524_chunk_326,test04524,1,0,0,0,0,0,0,0,0,0,0
test03052_chunk_327,test03052,0,1,1,0,1,0,1,1,0,0,0
test03052_chunk_328,test03052,0,1,1,1,1,1,1,1,0,1,0
test03052_chunk_329,test03052,0,1,1,1,1,1,1,1,1,1,1
test01608_chunk_330,test01608,0,0,0,0,0,0,1,1,0,1,1
test01608_chunk_331,test01608,0,0,0,0,0,0,0,1,0,0,0
test01608_chunk_332,test01608,0,0,0,0,0,0,1,1,1,1,1
test02149_chunk_333,test02149,1,1,1,0,0,0,0,0,0,0,0
test02149_chunk_334,test02149,1,1,1,1,1,1,0,0,1,1,1
test02149_chunk_335,test02149,1,0,1,0,0,0,0,0,0,0,0
test00228_chunk_336,test00228,0,0,0,0,0,0,0,1,1,1,1
test00228_chunk_337,test00228,0,1,1,1,1,1,0,1,1,1,1
test00228_chunk_338,test00228,0,0,0,0,0,0,0,0,0,0,0
test01606_chunk_339,test01606,0,0,0,0,0,0,0,0,0,0,0
test01606_chunk_340,test01606,0,0,0,0,0,0,0,0,0,0,0
test01606_chunk_341,test01606,0,0,0,0,0,0,0,1,0,0,0
test01983_chunk_342,test01983,0,0,0,0,0,0,1,1,1,1,1
test01983_chunk_343,test01983,0,0,0,0,0,0,0,1,0,0,0
test01983_chunk_344,test01983,0,0,0,0,0,0,0,1,0,0,0
test03014_chunk_345,test03014,0,0,0,0,0,0,1,1,0,0,0
test03014_chunk_346,test03014,0,0,0,0,0,0,0,0,0,0,1
test03014_chunk_347,test03014,0,0,0,0,0,0,1,1,0,0,0
test00652_chunk_348,test00652,0,0,0,0,0,0,1,0,1,1,1
test00652_chunk_349,test00652,0,0,0,0,0,0,1,0,1,1,1
test00652_chunk_350,test00652,0,0,0,0,0,0,1,0,1,1,1
test02040_chunk_351,test02040,0,0,0,0,0,0,0,0,1,1,1
test02040_chunk_352,test02040,0,0,0,0,0,0,0,0,1,1,1
test02040_chunk_353,test02040,0,0,0,0,0,0,0,0,1,1,1
test03321_chunk_354,test03321,0,0,0,0,0,0,0,0,0,0,0
test03321_chunk_355,test03321,0,0,0,0,0,0,0,0,0,0,0
test03321_chunk_356,test03321,0,0,0,0,0,0,0,0,0,0,0
test01656_chunk_357,test01656,1,1,1,1,1,1,1,1,1,1,0
test01656_chunk_358,test01656,1,1,1,1,1,1,1,1,0,1,1
test01656_chunk_359,test01656,1,0,0,0,0,0,1,1,0,0,1
test04324_chunk_360,test04324,0,0,0,0,0,0,1,1,1,1,1
test04324_chunk_361,test04324,0,0,0,0,0,0,0,0,0,0,0
test04324_chunk_362,test04324,0,0,0,0,0,0,1,1,1,1,1
test02896_chunk_363,test02896,0,0,0,0,0,0,1,1,1,1,1
test02896_chunk_364,test02896,0,0,0,0,0,0,1,1,0,0,0
test02896_chunk_365,test02896,0,0,0,0,0,0,1,1,1,1,1
test01488_chunk_366,test01488,0,0,0,0,0,0,0,0,0,0,0
test01488_chunk_367,test01488,0,0,0,0,0,0,0,0,0,0,0
test01488_chunk_368,test01488,0,0,0,0,0,0,0,0,0,1,1
test00374_chunk_369,test00374,0,1,1,1,0,0,0,0,0,1,1
test00374_chunk_370,test00374,0,1,1,0,0,0,0,0,1,1,1
test00374_chunk_371,test00374,0,0,0,0,0,0,0,0,0,0,0
test02744_chunk_372,test02744,0,0,0,0,0,0,1,1,0,0,0
test02744_chunk_373,test02744,0,0,0,0,0,0,0,1,0,0,0
test02744_chunk_374,test02744,0,0,0,0,0,0,0,1,0,0,0
test00606_chunk_375,test00606,0,0,0,0,0,0,0,0,1,1,1
test00606_chunk_376,test00606,0,0,0,0,0,0,0,0,0,1,1
test00606_chunk_377,test00606,0,0,0,0,0,0,0,0,1,1,1
test01005_chunk_378,test01005,0,0,0,0,0,0,0,0,0,0,0
test01005_chunk_379,test01005,0,0,0,0,0,0,1,1,0,0,0
test01005_chunk_380,test01005,0,0,0,0,0,0,0,0,0,0,0
test01228_chunk_381,test01228,0,0,0,1,1,1,0,0,0,0,0
test01228_chunk_382,test01228,0,1,1,1,1,1,0,0,0,0,0
test01228_chunk_383,test01228,0,1,1,1,1,1,0,1,0,0,0
test00238_chunk_384,test00238,1,1,1,1,1,1,1,0,1,1,1
test00238_chunk_385,test00238,1,0,1,1,1,1,1,1,1,1,1
test00238_chunk_386,test00238,1,1,1,1,1,1,1,1,1,1,1
test03377_chunk_387,test03377,1,1,1,1,1,1,0,0,1,1,1
test03377_chunk_388,test03377,1,1,1,1,1,1,1,1,1,1,1
test03377_chunk_389,test03377,1,0,0,1,1,1,0,1,1,1,1
test02578_chunk_390,test02578,0,1,1,1,1,1,0,0,0,0,0
test02578_chunk_391,test02578,0,1,1,1,1,1,0,0,1,1,0
test02578_chunk_392,test02578,0,1,1,0,0,0,0,0,0,0,1
test02018_chunk_393,test02018,0,0,0,0,0,0,1,1,1,1,1
test02018_chunk_394,test02018,0,0,0,0,0,0,1,1,1,1,1
test02018_chunk_395,test02018,0,0,0,0,0,0,1,1,1,1,1
test00931_chunk_396,test00931,0,1,1,1,1,1,0,0,0,0,0
test00931_chunk_397,test00931,0,1,1,1,1,1,0,0,1,1,1
test00931_chunk_398,test00931,0,1,1,1,1,1,0,0,0,0,0
test00188_chunk_399,test00188,1,0,0,0,0,0,1,1,1,1,1
test00188_chunk_400,test00188,1,0,0,0,0,0,1,1,1,1,1
test00188_chunk_401,test00188,1,0,0,0,0,0,1,1,1,1,1
test00391_chunk_402,test00391,1,1,1,1,1,1,1,1,1,1,1
test00391_chunk_403,test00391,1,1,1,1,1,1,0,1,1,1,1
test00391_chunk_404,test00391,1,1,1,1,1,1,1,1,1,1,1
test01734_chunk_405,test01734,1,0,1,1,1,1,0,0,0,0,0
test01734_chunk_406,test01734,1,0,0,0,0,0,0,0,0,0,0
test01734_chunk_407,test01734,1,0,0,0,0,0,0,0,0,0,0
test03636_chunk_408,test03636,0,0,0,0,0,0,0,0,0,1,0
test03636_chunk_409,test03636,0,0,0,0,0,0,0,0,0,1,0
test03636_chunk_410,test03636,0,0,0,0,0,0,0,0,0,1,0
test04307_chunk_411,test04307,1,1,1,1,1,1,0,0,0,0,0
test04307_chunk_412,test04307,1,0,0,1,1,1,0,1,0,0,0
test04307_chunk_413,test04307,1,1,1,1,1,1,1,1,1,1,1
test03529_chunk_414,test03529,0,1,1,1,1,1,0,0,0,0,0
test03529_chunk_415,test03529,0,1,1,1,1,1,0,0,0,0,0
test03529_chunk_416,test03529,0,1,1,1,1,1,0,1,0,0,0
test03922_chunk_417,test03922,0,1,1,1,1,1,0,1,0,0,1
test03922_chunk_418,test03922,0,1,1,1,1,1,0,0,0,0,0
test03922_chunk_419,test03922,0,1,1,1,0,0,0,0,0,0,0
test03779_chunk_420,test03779,0,1,1,1,1,1,0,0,0,0,0
test03779_chunk_421,test03779,0,1,1,1,1,1,0,0,0,0,0
test03779_chunk_422,test03779,0,1,1,1,1,1,0,0,0,0,0
test03756_chunk_423,test03756,0,0,0,0,0,0,1,1,0,0,0
test03756_chunk_424,test03756,0,0,0,0,0,0,0,1,0,0,0
test03756_chunk_425,test03756,0,0,0,0,0,0,0,1,0,0,0
test01801_chunk_426,test01801,0,0,0,0,0,0,0,0,0,0,0
test01801_chunk_427,test01801,0,0,0,0,0,0,0,0,0,0,0
test01801_chunk_428,test01801,0,0,0,0,0,0,0,1,1,1,1
test01620_chunk_429,test01620,0,0,0,0,0,0,0,0,0,0,0
test01620_chunk_430,test01620,0,0,0,0,0,0,0,0,0,0,0
test01620_chunk_431,test01620,0,0,0,0,0,0,0,0,0,0,0
test02134_chunk_432,test02134,0,1,1,1,1,1,0,0,0,0,0
test02134_chunk_433,test02134,0,1,1,1,1,1,0,0,0,0,0
test02134_chunk_434,test02134,0,1,1,1,1,1,0,0,0,0,0
test02823_chunk_435,test02823,1,0,0,0,0,0,0,1,1,1,1
test02823_chunk_436,test02823,1,0,0,0,0,0,0,1,1,1,1
test02823_chunk_437,test02823,1,0,0,0,0,0,0,1,1,1,1
test00846_chunk_438,test00846,0,0,0,0,0,0,0,0,0,0,0
test00846_chunk_439,test00846,0,0,0,0,0,0,0,0,0,0,0
test00846_chunk_440,test00846,0,0,0,0,0,0,0,0,0,0,0
test03334_chunk_441,test03334,1,1,1,1,1,1,0,0,0,0,0
test03334_chunk_442,test03334,1,0,0,0,0,0,0,0,0,1,1
test03334_chunk_443,test03334,1,0,0,0,0,0,1,1,0,0,0
test04092_chunk_444,test04092,1,1,1,1,1,1,0,0,1,1,1
test04092_chunk_445,test04092,1,1,1,1,1,1,0,0,1,1,1
test04092_chunk_446,test04092,1,1,1,1,1,1,0,0,1,1,1
test00777_chunk_447,test00777,1,0,0,0,0,0,1,1,1,1,1
test00777_chunk_448,test00777,1,0,0,0,0,0,1,1,1,1,1
test00777_chunk_449,test00777,1,0,0,0,0,0,1,1,1,1,1
test03722_chunk_450,test03722,0,0,0,0,0,0,0,1,0,0,0
test03722_chunk_451,test03722,0,0,0,0,0,0,0,1,0,0,0
test03722_chunk_452,test03722,0,0,0,1,0,0,1,1,0,0,0
test01938_chunk_453,test01938,1,0,0,0,0,0,0,0,0,1,1
test01938_chunk_454,test01938,1,0,0,0,0,0,0,0,1,1,1
test01938_chunk_455,test01938,1,0,0,0,0,0,0,0,0,0,0
test02879_chunk_456,test02879,0,0,0,0,0,0,0,0,0,0,0
test02879_chunk_457,test02879,0,0,0,0,0,0,0,0,0,0,0
test02879_chunk_458,test02879,0,0,0,0,0,0,0,0,0,0,0
test03497_chunk_459,test03497,0,0,0,0,0,0,0,0,0,0,0
test03497_chunk_460,test03497,0,0,0,0,0,0,0,0,0,0,0
test03497_chunk_461,test03497,0,0,0,0,0,0,0,0,0,0,0
test03535_chunk_462,test03535,0,0,0,0,0,0,1,1,0,0,0
test03535_chunk_463,test03535,0,0,0,0,0,0,0,0,0,0,0
test03535_chunk_464,test03535,0,0,0,0,0,0,0,0,0,0,0
test00585_chunk_465,test00585,1,0,1,0,0,1,1,1,1,1,1
test00585_chunk_466,test00585,1,0,0,0,0,0,0,0,0,0,0
test00585_chunk_467,test00585,1,0,1,1,1,1,0,1,0,0,0
test02497_chunk_468,test02497,0,1,1,1,1,1,0,0,0,0,0
test02497_chunk_469,test02497,0,0,0,0,0,0,0,0,0,0,0
test02497_chunk_470,test02497,0,1,1,1,1,1,0,0,0,0,0
test03300_chunk_471,test03300,1,0,0,0,0,0,0,0,0,0,0
test03300_chunk_472,test03300,1,0,0,0,0,0,0,0,0,0,0
test03300_chunk_473,test03300,1,0,0,0,0,0,0,0,0,0,1
test00772_chunk_474,test00772,1,1,1,1,1,1,0,0,1,1,1
test00772_chunk_475,test00772,1,1,1,1,1,1,0,1,1,1,1
test00772_chunk_476,test00772,1,1,1,1,1,1,0,0,1,1,1
test01447_chunk_477,test01447,1,1,1,1,1,1,0,1,0,0,0
test01447_chunk_478,test01447,1,1,1,1,1,1,0,1,0,0,0
test01447_chunk_479,test01447,1,1,1,1,1,1,0,1,0,0,0
test02682_chunk_480,test02682,0,0,0,0,0,0,1,0,0,1,1
test02682_chunk_481,test02682,0,0,0,0,0,0,0,0,0,0,0
test02682_chunk_482,test02682,0,1,1,1,0,0,0,0,0,0,0
test00056_chunk_483,test00056,0,1,1,1,1,1,0,1,0,0,0
test00056_chunk_484,test00056,0,1,1,1,1,1,1,0,0,1,0
test00056_chunk_485,test00056,0,1,1,1,1,1,0,0,0,0,0
test03102_chunk_486,test03102,0,0,0,0,0,0,0,1,0,0,0
test03102_chunk_487,test03102,0,0,0,0,0,0,0,1,0,0,0
test03102_chunk_488,test03102,0,1,1,1,1,0,0,1,0,0,0
test01749_chunk_489,test01749,0,0,0,0,0,0,0,0,0,0,0
test01749_chunk_490,test01749,0,0,0,0,0,0,0,0,0,0,0
test01749_chunk_491,test01749,0,0,0,0,0,0,0,0,0,1,1
test03564_chunk_492,test03564,1,1,1,1,1,1,1,1,0,0,0
test03564_chunk_493,test03564,1,0,0,0,0,0,1,1,0,0,0
test03564_chunk_494,test03564,1,1,1,1,1,1,0,1,0,0,1
test02467_chunk_495,test02467,0,0,0,0,0,0,0,0,0,0,0
test02467_chunk_496,test02467,0,0,0,0,0,0,0,0,0,0,0
test02467_chunk_497,test02467,0,1,1,1,1,1,0,0,0,0,0
test00515_chunk_498,test00515,1,1,1,1,1,1,0,0,0,0,0
test00515_chunk_499,test00515,1,1,1,1,1,1,0,0,0,0,0
test00515_chunk_500,test00515,1,1,1,1,1,1,0,0,0,0,0
test04149_chunk_501,test04149,0,1,1,1,1,1,1,1,1,1,1
test04149_chunk_502,test04149,0,1,1,1,0,1,0,1,0,0,0
test04149_chunk_503,test04149,0,1,1,1,1,1,1,1,1,1,1
test03611_chunk_504,test03611,0,1,1,1,0,0,0,0,0,0,0
test03611_chunk_505,test03611,0,1,1,1,1,1,0,0,0,0,0
test03611_chunk_506,test03611,0,1,1,1,1,1,0,0,1,1,0
test03850_chunk_507,test03850,0,0,0,0,0,0,0,0,0,0,0
test03850_chunk_508,test03850,0,0,0,0,0,0,1,1,1,1,1
test03850_chunk_509,test03850,0,0,0,0,0,0,1,1,1,1,1
test02139_chunk_510,test02139,1,1,1,1,1,1,0,0,1,1,1
test02139_chunk_511,test02139,1,1,1,1,1,1,0,0,0,0,0
test02139_chunk_512,test02139,1,1,1,1,1,1,0,0,1,1,1
test02281_chunk_513,test02281,0,1,1,1,1,1,0,1,1,1,1
test02281_chunk_514,test02281,0,1,1,1,1,1,0,0,1,1,1
test02281_chunk_515,test02281,0,1,1,1,1,1,0,0,0,0,0
test03396_chunk_516,test03396,0,0,0,1,0,0,0,1,1,1,1
test03396_chunk_517,test03396,0,1,1,1,1,1,1,1,1,1,0
test03396_chunk_518,test03396,0,1,1,1,1,1,1,1,0,0,0
test00350_chunk_519,test00350,0,0,0,0,0,0,0,1,0,0,0
test00350_chunk_520,test00350,0,0,0,0,0,0,0,1,0,0,0
test00350_chunk_521,test00350,0,0,0,0,0,0,0,1,0,0,0
test00580_chunk_522,test00580,0,1,1,1,1,1,1,1,1,1,1
test00580_chunk_523,test00580,0,1,1,1,1,1,1,1,1,1,1
test00580_chunk_524,test00580,0,1,1,1,1,1,1,1,1,1,1
test02815_chunk_525,test02815,0,0,0,0,0,0,0,0,0,0,0
test02815_chunk_526,test02815,0,0,0,0,0,0,0,0,0,0,0
test00060_chunk_527,test00060,0,0,0,1,1,1,0,0,0,0,0
test00060_chunk_528,test00060,0,0,0,0,0,0,0,0,0,0,0
test00060_chunk_529,test00060,0,1,1,1,0,0,1,1,0,0,0
test00106_chunk_530,test00106,0,0,0,0,0,0,1,1,1,1,1
test00106_chunk_531,test00106,0,0,0,0,0,0,0,1,0,0,1
test00106_chunk_532,test00106,0,0,0,0,0,0,0,0,0,0,0
test03584_chunk_533,test03584,1,1,1,1,1,1,1,1,1,1,1
test03584_chunk_534,test03584,1,0,0,1,1,1,1,1,1,1,1
test03584_chunk_535,test03584,1,1,1,1,1,1,1,1,1,1,1
test03587_chunk_536,test03587,1,0,0,0,1,1,0,0,1,1,1
test03587_chunk_537,test03587,1,0,0,0,0,0,0,0,0,0,0
test03587_chunk_538,test03587,1,0,0,0,0,0,0,0,0,0,0
test01842_chunk_539,test01842,1,1,1,1,1,1,1,1,0,0,0
test01842_chunk_540,test01842,1,1,1,1,1,1,0,0,0,0,0
test01842_chunk_541,test01842,1,1,1,0,0,1,1,0,0,0,0
test03629_chunk_542,test03629,0,0,0,0,0,0,0,0,1,1,1
test03629_chunk_543,test03629,0,0,0,0,0,0,0,0,1,1,1
test03629_chunk_544,test03629,0,0,0,0,0,0,0,0,1,1,1
test02405_chunk_545,test02405,1,0,0,0,0,0,0,1,0,0,0
test02405_chunk_546,test02405,1,0,0,0,0,0,0,0,0,0,0
test02405_chunk_547,test02405,1,0,0,0,0,0,0,0,1,1,1
test04098_chunk_548,test04098,0,1,1,1,1,1,0,1,0,0,0
test04098_chunk_549,test04098,0,1,1,1,1,1,0,0,0,0,0
test04098_chunk_550,test04098,0,1,1,1,1,1,1,1,1,1,1
test04229_chunk_551,test04229,1,1,1,1,1,1,0,1,0,0,0
test04229_chunk_552,test04229,1,0,0,0,0,0,0,1,0,0,0
test04229_chunk_553,test04229,1,1,1,1,1,1,1,1,0,0,0
test01985_chunk_554,test01985,0,0,0,0,0,0,0,0,0,0,0
test01985_chunk_555,test01985,0,0,0,0,0,0,0,0,0,0,0
test01985_chunk_556,test01985,0,0,0,0,0,0,0,0,0,0,0
test00342_chunk_557,test00342,0,0,0,0,0,0,1,1,0,0,0
test00342_chunk_558,test00342,0,0,0,0,0,0,0,1,0,0,0
test00342_chunk_559,test00342,0,0,0,0,0,0,1,1,1,1,1
test01756_chunk_560,test01756,0,0,0,0,0,0,0,1,0,0,0
test01756_chunk_561,test01756,0,0,0,0,0,0,0,1,0,0,0
test01756_chunk_562,test01756,0,0,0,0,0,0,0,0,0,0,0
test04331_chunk_563,test04331,1,0,0,0,0,0,0,1,0,0,0
test04331_chunk_564,test04331,1,0,0,0,0,0,0,1,0,0,1
test04331_chunk_565,test04331,1,0,0,1,1,1,1,1,1,1,1
test03043_chunk_566,test03043,0,0,0,1,1,1,1,0,1,1,1
test03043_chunk_567,test03043,0,0,0,0,0,0,1,1,0,0,0
test03043_chunk_568,test03043,0,0,0,0,0,0,0,0,0,0,0
test01037_chunk_569,test01037,0,0,0,0,0,0,0,0,0,0,0
test01037_chunk_570,test01037,0,0,0,0,0,0,1,1,0,0,0
test01037_chunk_571,test01037,0,0,0,1,1,1,0,0,0,0,0
test00441_chunk_572,test00441,0,0,0,0,0,0,1,1,0,0,0
test00441_chunk_573,test00441,0,0,0,0,0,0,1,1,0,0,0
test00441_chunk_574,test00441,0,0,0,0,0,0,0,0,0,0,0
test03681_chunk_575,test03681,1,0,0,1,1,0,0,0,0,0,0
test03681_chunk_576,test03681,1,0,0,0,0,0,0,0,0,0,0
test03681_chunk_577,test03681,1,0,0,0,0,0,0,0,0,0,0
test00010_chunk_578,test00010,1,1,1,1,1,1,1,1,1,1,1
test00010_chunk_579,test00010,1,1,1,1,1,1,1,1,1,1,1
test00010_chunk_580,test00010,1,1,1,1,1,1,1,1,0,1,1
test01701_chunk_581,test01701,1,0,0,1,0,0,0,1,0,0,0
test01701_chunk_582,test01701,1,0,0,0,0,0,1,1,1,1,1
test01701_chunk_583,test01701,1,1,1,1,1,1,1,1,1,1,1
test02729_chunk_584,test02729,0,1,1,1,1,1,0,1,0,0,0
test02729_chunk_585,test02729,0,1,1,1,1,1,0,1,0,0,0
test02729_chunk_586,test02729,0,1,1,1,1,1,0,1,0,0,0
test04405_chunk_587,test04405,1,0,0,0,0,0,0,0,0,0,0
test04405_chunk_588,test04405,1,0,0,0,0,0,0,1,0,0,0
test04405_chunk_589,test04405,1,0,0,0,0,0,0,0,0,0,0
test03237_chunk_590,test03237,0,0,0,0,0,0,1,1,0,1,0
test03237_chunk_591,test03237,0,0,0,0,0,0,1,1,1,1,1
test03237_chunk_592,test03237,0,1,1,1,1,1,1,1,1,1,1
test01047_chunk_593,test01047,0,0,0,1,0,0,1,1,1,1,1
test01047_chunk_594,test01047,0,1,1,0,0,0,1,1,1,1,1
test01047_chunk_595,test01047,0,0,0,1,0,0,1,1,1,1,1
test02640_chunk_596,test02640,1,0,0,0,0,0,0,0,0,0,0
test02640_chunk_597,test02640,1,0,0,0,0,0,0,0,0,0,0
test02640_chunk_598,test02640,1,0,0,0,0,0,0,0,0,0,0
test01467_chunk_599,test01467,0,1,1,1,1,1,0,1,0,0,1
test01467_chunk_600,test01467,0,1,1,1,1,1,0,1,0,0,1
test01467_chunk_601,test01467,0,1,1,1,1,1,0,0,0,0,0
test04144_chunk_602,test04144,1,0,0,0,0,0,0,1,0,0,0
test04144_chunk_603,test04144,1,0,0,0,0,0,0,1,1,1,1
test04144_chunk_604,test04144,1,0,0,0,0,0,0,1,0,0,0
test04225_chunk_605,test04225,0,0,0,0,0,0,0,0,0,0,0
test04225_chunk_606,test04225,0,0,0,0,0,0,0,1,0,0,0
test04225_chunk_607,test04225,0,0,0,0,0,0,0,0,0,0,0
test02854_chunk_608,test02854,0,0,0,0,0,0,0,1,1,1,1
test02854_chunk_609,test02854,0,0,0,0,0,0,0,0,0,0,0
test02854_chunk_610,test02854,0,0,0,0,0,0,0,0,0,0,0
test00185_chunk_611,test00185,0,1,1,1,1,1,0,0,1,1,1
test00185_chunk_612,test00185,0,1,1,1,1,1,0,1,1,1,1
test00185_chunk_613,test00185,0,1,1,1,1,1,0,1,0,0,0
test00057_chunk_614,test00057,1,0,0,0,0,0,0,0,1,1,1
test00057_chunk_615,test00057,1,0,0,0,0,0,0,0,1,1,1
test00057_chunk_616,test00057,1,0,0,1,1,1,0,0,1,1,1
test04273_chunk_617,test04273,1,0,0,0,0,0,0,0,1,1,1
test04273_chunk_618,test04273,1,0,0,0,0,0,0,0,0,0,0
test04273_chunk_619,test04273,1,0,1,1,1,1,0,0,0,0,0
test00308_chunk_620,test00308,1,1,1,1,1,1,1,1,1,1,1
test00308_chunk_621,test00308,1,1,1,1,1,1,1,1,1,1,1
test00308_chunk_622,test00308,1,0,0,1,0,0,0,0,0,1,0
test03168_chunk_623,test03168,1,1,1,1,1,1,1,1,1,1,1
test03168_chunk_624,test03168,1,1,1,1,1,1,0,1,0,0,0
test03168_chunk_625,test03168,1,0,1,0,0,1,1,1,1,1,1
test03568_chunk_626,test03568,1,0,0,0,0,0,0,1,1,1,1
test03568_chunk_627,test03568,1,0,0,0,0,0,0,0,0,0,0
test03568_chunk_628,test03568,1,0,0,0,0,0,0,0,0,0,0
test01537_chunk_629,test01537,1,1,1,1,1,1,0,0,0,0,0
test01537_chunk_630,test01537,1,1,1,1,1,1,0,0,1,1,1
test01537_chunk_631,test01537,1,1,1,1,1,1,1,0,0,1,0
test00373_chunk_632,test00373,1,0,0,0,0,0,0,1,0,0,0
test00373_chunk_633,test00373,1,1,1,1,1,1,0,0,0,0,0
test00373_chunk_634,test00373,1,1,1,1,1,1,0,0,1,1,1
test00784_chunk_635,test00784,0,0,0,0,0,0,1,1,1,1,1
test00784_chunk_636,test00784,0,0,0,1,1,1,1,0,0,0,0
test00784_chunk_637,test00784,0,1,0,1,1,1,1,1,1,1,1
test03288_chunk_638,test03288,0,0,0,0,0,0,0,0,0,0,0
test03288_chunk_639,test03288,0,0,0,0,0,0,0,0,0,0,0
test00732_chunk_640,test00732,0,0,0,1,0,0,0,0,1,1,1
test00732_chunk_641,test00732,0,0,0,0,0,0,0,0,0,0,0
test00732_chunk_642,test00732,0,0,0,0,0,0,1,1,0,0,0
test03232_chunk_643,test03232,1,1,1,1,1,1,1,1,1,1,1
test03232_chunk_644,test03232,1,1,1,1,1,1,1,1,1,1,1
test03232_chunk_645,test03232,1,1,1,1,1,1,1,1,1,1,1
test00276_chunk_646,test00276,1,0,0,0,0,0,0,0,0,0,0
test00276_chunk_647,test00276,1,0,0,0,0,0,0,0,0,0,0
test00276_chunk_648,test00276,1,0,0,0,0,0,0,0,0,0,0
test03989_chunk_649,test03989,0,0,0,0,0,0,0,1,0,0,0
test03989_chunk_650,test03989,0,0,0,0,0,0,0,1,0,0,0
test03989_chunk_651,test03989,0,0,0,0,0,0,0,0,1,1,1
test01296_chunk_652,test01296,0,1,1,1,1,1,0,1,0,0,1
test01296_chunk_653,test01296,0,1,1,1,1,1,1,1,1,1,1
test01296_chunk_654,test01296,0,1,1,1,1,1,0,0,0,1,1
test00837_chunk_655,test00837,0,0,0,0,0,0,1,1,0,0,0
test00837_chunk_656,test00837,0,0,0,0,0,0,0,1,0,0,0
test00837_chunk_657,test00837,0,0,0,0,0,0,1,1,0,0,0
test01299_chunk_658,test01299,0,0,0,0,0,0,1,1,0,0,0
test01299_chunk_659,test01299,0,0,0,0,0,0,1,1,0,0,0
test01299_chunk_660,test01299,0,0,0,0,0,0,1,1,1,1,0
test02272_chunk_661,test02272,0,0,0,0,0,0,0,0,0,0,0
test02272_chunk_662,test02272,0,0,0,0,0,0,0,1,0,0,0
test02272_chunk_663,test02272,0,0,0,0,0,0,0,0,0,0,0
test02672_chunk_664,test02672,1,0,0,0,0,0,0,1,0,0,0
test02672_chunk_665,test02672,1,0,0,0,0,0,0,1,0,0,0
test02672_chunk_666,test02672,1,0,0,0,0,0,0,1,0,0,0
test01643_chunk_667,test01643,0,1,1,1,1,1,0,0,0,0,0
test01643_chunk_668,test01643,0,0,0,0,0,0,0,1,0,0,0
test01643_chunk_669,test01643,0,1,1,1,0,0,0,0,0,0,0
test02423_chunk_670,test02423,0,0,0,0,0,0,0,0,0,0,0
test02423_chunk_671,test02423,0,0,0,0,0,0,0,0,0,0,0
test02423_chunk_672,test02423,0,0,0,0,0,0,0,0,0,0,0
test00258_chunk_673,test00258,1,0,0,0,0,0,1,1,1,1,1
test00258_chunk_674,test00258,1,0,0,0,0,0,0,0,1,1,1
test00258_chunk_675,test00258,1,0,0,0,0,0,1,0,1,1,1
test01759_chunk_676,test01759,1,1,1,1,1,1,0,1,0,0,0
test01759_chunk_677,test01759,1,0,0,0,0,0,1,1,0,0,0
test01759_chunk_678,test01759,1,1,1,1,1,1,1,1,1,1,1
test00820_chunk_679,test00820,0,0,0,0,0,0,1,1,0,0,0
test00820_chunk_680,test00820,0,0,0,0,0,0,0,1,0,0,0
test00820_chunk_681,test00820,0,0,0,0,0,0,0,0,0,0,0
test01702_chunk_682,test01702,1,0,0,1,0,1,0,1,0,0,0
test01702_chunk_683,test01702,1,0,0,0,0,0,1,1,0,0,0
test01702_chunk_684,test01702,1,0,0,0,0,0,0,1,0,0,0
test00265_chunk_685,test00265,0,0,0,0,0,0,0,0,0,0,0
test00265_chunk_686,test00265,0,0,0,1,0,1,0,1,0,0,0
test00265_chunk_687,test00265,0,0,0,0,0,0,0,0,0,0,0
test02220_chunk_688,test02220,1,0,0,0,0,0,0,0,0,0,1
test02220_chunk_689,test02220,1,0,0,0,0,0,0,0,1,1,1
test02220_chunk_690,test02220,1,0,0,0,0,0,1,1,1,1,1
test01413_chunk_691,test01413,0,0,0,0,0,0,0,0,0,0,1
test01413_chunk_692,test01413,0,0,0,0,0,0,0,0,0,0,0
test01413_chunk_693,test01413,0,0,0,0,0,0,0,0,0,0,1
test01486_chunk_694,test01486,0,0,0,1,0,1,0,1,1,1,1
test01486_chunk_695,test01486,0,0,0,1,0,0,1,1,1,1,1
test01486_chunk_696,test01486,0,0,0,1,0,0,0,1,1,1,1
test00223_chunk_697,test00223,1,1,1,1,1,1,1,1,1,1,1
test00223_chunk_698,test00223,1,0,1,1,0,0,0,1,1,1,1
test00223_chunk_699,test00223,1,1,1,1,1,1,1,1,1,1,1
test01678_chunk_700,test01678,0,1,1,1,1,1,0,0,0,0,0
test01678_chunk_701,test01678,0,1,1,1,1,1,0,0,0,0,0
test01678_chunk_702,test01678,0,1,1,1,0,0,0,0,0,0,0
test02543_chunk_703,test02543,0,0,0,0,0,0,0,0,0,0,0
test02543_chunk_704,test02543,0,0,0,0,0,0,0,1,0,0,0
test02543_chunk_705,test02543,0,0,0,0,0,0,1,1,0,0,0
test03456_chunk_706,test03456,0,0,0,0,0,0,0,0,0,0,0
test03456_chunk_707,test03456,0,0,0,0,0,0,0,0,0,0,0
test03456_chunk_708,test03456,0,0,0,0,0,0,0,0,0,0,0
test00164_chunk_709,test00164,0,0,0,0,0,0,1,1,1,1,1
test00164_chunk_710,test00164,0,0,0,0,0,0,0,0,0,0,0
test00164_chunk_711,test00164,0,0,0,0,0,0,0,0,0,0,0
test00224_chunk_712,test00224,0,1,1,1,1,1,0,0,0,0,0
test00224_chunk_713,test00224,0,1,1,1,1,1,0,0,0,0,0
test00224_chunk_714,test00224,0,1,1,1,1,1,0,0,0,1,1
test01679_chunk_715,test01679,0,0,0,0,0,0,0,1,0,0,0
test01679_chunk_716,test01679,0,1,1,1,1,1,0,1,0,0,0
test01679_chunk_717,test01679,0,1,1,1,1,1,0,0,0,0,0
test01645_chunk_718,test01645,0,0,0,0,0,0,0,0,0,0,0
test01645_chunk_719,test01645,0,1,1,1,1,1,0,0,0,0,0
test01645_chunk_720,test01645,0,0,0,1,0,0,0,0,0,0,0
test01459_chunk_721,test01459,0,0,0,0,0,0,0,0,0,0,0
test01459_chunk_722,test01459,0,0,0,0,0,0,0,1,0,0,0
test01459_chunk_723,test01459,0,0,0,0,0,0,0,1,0,0,0
test00329_chunk_724,test00329,0,0,0,1,1,1,0,0,0,0,0
test00329_chunk_725,test00329,0,1,1,1,1,1,1,1,0,0,0
test00329_chunk_726,test00329,0,0,0,1,0,0,0,1,0,0,0
test01288_chunk_727,test01288,0,0,0,0,0,0,0,0,0,0,1
test01288_chunk_728,test01288,0,0,0,0,0,0,0,0,0,0,0
test01288_chunk_729,test01288,0,0,0,0,0,0,0,0,0,0,0
test02207_chunk_730,test02207,0,1,1,1,1,1,0,0,0,0,0
test02207_chunk_731,test02207,0,1,1,1,1,1,0,0,0,0,0
test01176_chunk_732,test01176,1,0,0,0,0,0,1,1,1,1,0
test01176_chunk_733,test01176,1,0,0,0,0,0,0,1,0,0,0
test01176_chunk_734,test01176,1,0,0,0,0,0,0,0,1,1,1
test03648_chunk_735,test03648,0,0,0,0,0,0,0,0,0,0,0
test03648_chunk_736,test03648,0,0,0,0,0,0,0,0,0,0,0
test03648_chunk_737,test03648,0,0,0,0,0,0,0,0,0,0,0
test02730_chunk_738,test02730,0,1,1,1,1,1,0,1,0,0,1
test02730_chunk_739,test02730,0,1,1,1,1,1,0,0,0,0,0
test02730_chunk_740,test02730,0,1,1,1,1,1,0,1,0,0,0
test01374_chunk_741,test01374,0,0,0,0,0,0,0,0,0,0,0
test01374_chunk_742,test01374,0,0,0,0,0,0,0,0,0,0,0
test01374_chunk_743,test01374,0,0,0,0,0,0,0,0,0,0,0
test00454_chunk_744,test00454,0,0,0,0,0,0,0,0,0,0,0
test00454_chunk_745,test00454,0,0,0,0,0,0,0,0,0,0,0
test00454_chunk_746,test00454,0,0,0,0,0,0,0,1,0,0,0
test02789_chunk_747,test02789,0,0,0,0,0,0,0,0,0,0,0
test02789_chunk_748,test02789,0,0,0,0,0,0,1,1,0,0,0
test02789_chunk_749,test02789,0,0,0,0,0,0,0,1,0,0,0
test03082_chunk_750,test03082,0,0,0,1,0,0,0,0,0,0,0
test03082_chunk_751,test03082,0,0,0,1,0,0,0,0,0,0,0
test03082_chunk_752,test03082,0,0,0,1,0,0,0,0,0,0,0
test01371_chunk_753,test01371,0,1,1,1,1,1,0,1,1,1,1
test01371_chunk_754,test01371,0,1,1,0,1,1,1,1,1,1,1
test01371_chunk_755,test01371,0,1,1,1,1,1,1,1,1,1,1
test00615_chunk_756,test00615,1,1,1,1,1,1,0,1,1,1,1
test00615_chunk_757,test00615,1,1,1,1,1,1,1,1,1,1,1
test00615_chunk_758,test00615,1,1,1,1,1,1,0,1,1,1,1
test03050_chunk_759,test03050,1,0,0,0,0,0,0,1,1,1,1
test03050_chunk_760,test03050,1,0,0,1,1,1,0,1,1,1,1
test03050_chunk_761,test03050,1,0,0,0,0,0,0,1,1,1,1
test03107_chunk_762,test03107,0,0,0,0,0,0,1,1,1,1,0
test03107_chunk_763,test03107,0,0,0,1,1,1,1,1,0,0,0
test03107_chunk_764,test03107,0,1,1,1,1,1,0,0,0,0,0
test02052_chunk_765,test02052,1,1,1,1,1,1,0,0,1,1,1
test02052_chunk_766,test02052,1,1,1,1,1,1,0,1,1,1,1
test02052_chunk_767,test02052,1,0,1,1,1,1,0,0,0,0,0
test00156_chunk_768,test00156,0,1,1,1,0,0,0,0,0,0,0
test00156_chunk_769,test00156,0,0,0,0,0,0,0,0,0,0,0
test00156_chunk_770,test00156,0,0,0,1,1,0,0,0,0,0,0
test01052_chunk_771,test01052,0,0,0,0,0,0,1,1,0,0,0
test01052_chunk_772,test01052,0,0,0,0,0,0,1,1,0,0,0
test01052_chunk_773,test01052,0,0,0,0,0,0,1,1,0,0,0
test00601_chunk_774,test00601,0,0,0,0,0,0,0,1,0,0,0
test00601_chunk_775,test00601,0,0,0,0,0,0,1,1,0,0,0
test00601_chunk_776,test00601,0,0,0,0,0,0,0,0,0,0,0
test01846_chunk_777,test01846,1,1,1,0,0,0,1,1,1,1,1
test01846_chunk_778,test01846,1,0,0,0,0,0,0,1,1,1,1
test01846_chunk_779,test01846,1,0,0,0,0,0,0,0,0,0,0
test00690_chunk_780,test00690,0,0,0,0,0,0,0,0,0,0,0
test00690_chunk_781,test00690,0,0,0,0,0,0,1,1,1,1,1
test00690_chunk_782,test00690,0,0,0,0,0,0,1,1,1,1,1
test03887_chunk_783,test03887,1,1,1,1,1,1,1,1,1,1,1
test03887_chunk_784,test03887,1,1,1,1,1,1,1,1,1,1,1
test03887_chunk_785,test03887,1,1,1,1,1,1,1,1,1,1,0
test02351_chunk_786,test02351,0,0,0,0,0,0,0,0,0,0,0
test02351_chunk_787,test02351,0,0,0,0,0,0,0,0,0,0,0
test03613_chunk_788,test03613,0,0,0,0,0,0,0,0,0,0,0
test03613_chunk_789,test03613,0,0,0,0,0,0,0,0,0,0,0
test03613_chunk_790,test03613,0,0,0,0,0,0,0,0,0,0,0
test04541_chunk_791,test04541,0,0,0,0,0,0,0,1,1,1,0
test04541_chunk_792,test04541,0,1,1,0,0,0,0,1,0,0,0
test04541_chunk_793,test04541,0,0,0,0,0,0,1,0,1,1,1
test01191_chunk_794,test01191,1,0,0,0,0,0,1,1,0,0,0
test01191_chunk_795,test01191,1,1,1,1,1,1,1,1,0,0,0
test01191_chunk_796,test01191,1,0,0,0,0,0,0,0,0,0,0
test00733_chunk_797,test00733,0,0,0,0,0,0,0,1,0,0,0
test00733_chunk_798,test00733,0,0,0,0,0,0,0,1,0,0,0
test00733_chunk_799,test00733,0,0,0,0,0,0,0,0,0,0,0
test04131_chunk_800,test04131,0,0,0,0,0,0,1,1,0,0,0
test04131_chunk_801,test04131,0,0,0,0,0,0,0,0,0,0,0
test04131_chunk_802,test04131,0,0,0,0,0,0,0,0,0,0,1
test02480_chunk_803,test02480,0,0,0,0,0,0,0,1,0,0,0
test02480_chunk_804,test02480,0,0,0,0,0,0,0,0,0,0,0
test02480_chunk_805,test02480,0,0,0,0,0,0,0,0,0,0,0
test03553_chunk_806,test03553,0,0,0,0,0,0,0,0,0,0,0
test03553_chunk_807,test03553,0,0,0,0,0,0,0,0,0,0,0
test03553_chunk_808,test03553,0,0,0,0,0,0,0,0,0,0,0
test04216_chunk_809,test04216,1,1,1,1,1,1,0,0,1,1,1
test04216_chunk_810,test04216,1,1,1,1,1,1,0,0,1,1,1
test04216_chunk_811,test04216,1,1,1,1,0,0,1,0,1,1,1
test02264_chunk_812,test02264,1,1,1,1,1,1,1,0,0,0,1
test02264_chunk_813,test02264,1,0,0,1,1,1,0,0,1,1,1
test02264_chunk_814,test02264,1,0,0,1,1,1,0,0,1,1,1
test01181_chunk_815,test01181,0,0,0,0,0,0,0,0,0,0,0
test01181_chunk_816,test01181,0,0,0,1,1,1,0,0,0,0,0
test01181_chunk_817,test01181,0,0,0,0,0,0,0,0,0,0,0
test01375_chunk_818,test01375,0,0,0,1,1,1,1,1,0,0,1
test01375_chunk_819,test01375,0,1,0,1,1,1,0,1,0,0,0
test01375_chunk_820,test01375,0,0,0,1,1,1,0,0,0,0,1
test00747_chunk_821,test00747,1,1,1,1,1,1,0,1,1,1,1
test00747_chunk_822,test00747,1,1,1,1,1,1,0,0,0,0,0
test00747_chunk_823,test00747,1,1,1,1,1,1,0,0,0,0,0
test03549_chunk_824,test03549,0,0,1,0,0,1,0,1,1,1,1
test03549_chunk_825,test03549,0,0,1,0,0,1,0,1,1,1,1
test03549_chunk_826,test03549,0,0,1,0,0,1,0,1,1,1,1
test03983_chunk_827,test03983,0,0,0,1,0,0,0,1,0,0,0
test03983_chunk_828,test03983,0,0,1,1,0,0,0,0,1,1,1
test03983_chunk_829,test03983,0,0,0,0,0,0,0,0,1,1,1
test04426_chunk_830,test04426,0,1,1,1,1,1,1,1,1,1,1
test04426_chunk_831,test04426,0,1,1,1,1,1,1,1,0,1,1
test04426_chunk_832,test04426,0,1,1,1,1,1,1,1,0,0,0
test02996_chunk_833,test02996,0,1,1,1,0,0,0,1,0,0,1
test02996_chunk_834,test02996,0,1,1,1,1,1,0,0,1,1,1
test02996_chunk_835,test02996,0,1,1,0,0,0,0,0,1,1,1
test04409_chunk_836,test04409,0,0,0,0,0,0,0,0,0,0,0
test04409_chunk_837,test04409,0,0,0,0,0,0,0,0,0,0,0
test04409_chunk_838,test04409,0,0,0,0,0,0,0,0,1,1,1
test02917_chunk_839,test02917,1,0,0,0,0,0,0,0,0,1,1
test02917_chunk_840,test02917,1,0,0,0,0,0,0,0,1,1,1
test02917_chunk_841,test02917,1,0,0,0,0,0,0,0,1,1,1
test02958_chunk_842,test02958,0,0,0,0,0,0,0,0,0,0,0
test02958_chunk_843,test02958,0,0,0,0,0,0,0,1,0,0,0
test02958_chunk_844,test02958,0,0,0,0,0,0,0,0,0,0,0
test03752_chunk_845,test03752,0,0,0,1,0,0,0,0,0,0,0
test03752_chunk_846,test03752,0,0,0,1,0,0,0,0,0,0,0
test03752_chunk_847,test03752,0,0,0,0,0,0,0,0,0,0,0
test02743_chunk_848,test02743,0,0,0,0,0,0,0,0,0,0,0
test02743_chunk_849,test02743,0,0,0,0,0,0,0,1,0,0,0
test02743_chunk_850,test02743,0,0,0,0,0,0,1,0,0,0,0
test03774_chunk_851,test03774,0,0,0,0,0,0,0,1,0,0,0
test03774_chunk_852,test03774,0,0,0,0,0,0,0,1,0,0,0
test03774_chunk_853,test03774,0,0,0,0,0,0,0,1,0,0,0
test03960_chunk_854,test03960,0,0,0,0,0,0,0,0,0,0,0
test03960_chunk_855,test03960,0,0,0,0,0,0,0,0,0,0,0
test03960_chunk_856,test03960,0,0,0,0,0,0,0,0,0,0,0
test01913_chunk_857,test01913,0,0,0,0,0,0,0,0,0,0,0
test01913_chunk_858,test01913,0,0,0,0,0,0,0,0,0,0,0
test01913_chunk_859,test01913,0,0,0,0,0,0,0,0,1,1,1
test00655_chunk_860,test00655,0,0,0,0,0,0,0,1,0,0,0
test00655_chunk_861,test00655,0,0,0,0,0,0,0,1,0,0,0
test00655_chunk_862,test00655,0,0,0,0,0,0,0,1,0,0,0
test02374_chunk_863,test02374,1,0,0,1,1,1,0,0,0,0,0
test02374_chunk_864,test02374,1,1,1,1,1,1,0,0,0,0,0
test02374_chunk_865,test02374,1,1,1,1,1,1,0,0,0,0,0
test02891_chunk_866,test02891,0,1,1,1,1,1,0,0,1,1,1
test02891_chunk_867,test02891,0,0,1,0,0,0,0,0,0,0,0
test02891_chunk_868,test02891,0,1,1,1,1,1,0,0,1,1,1
test02269_chunk_869,test02269,1,0,0,0,0,0,0,0,0,0,0
test02269_chunk_870,test02269,1,0,0,1,1,1,0,0,0,0,0
test02269_chunk_871,test02269,1,0,0,0,0,0,0,0,0,0,0
test02790_chunk_872,test02790,0,0,0,0,0,0,0,0,1,1,1
test02790_chunk_873,test02790,0,1,1,1,1,1,0,0,1,1,1
test02790_chunk_874,test02790,0,0,0,1,0,1,0,0,1,1,1
test01306_chunk_875,test01306,1,0,1,1,1,1,0,0,1,1,1
test01306_chunk_876,test01306,1,1,1,1,1,1,0,0,1,1,1
test01306_chunk_877,test01306,1,1,1,1,1,1,0,0,1,1,1
test02836_chunk_878,test02836,0,0,0,0,0,0,0,1,0,0,0
test02836_chunk_879,test02836,0,0,0,0,0,0,0,1,0,0,1
test02836_chunk_880,test02836,0,0,0,0,0,0,0,1,0,0,0
test02918_chunk_881,test02918,1,0,0,1,1,1,1,0,0,0,0
test02918_chunk_882,test02918,1,1,1,1,1,1,0,0,0,0,0
test02918_chunk_883,test02918,1,1,1,1,1,1,0,0,0,1,1
test03214_chunk_884,test03214,1,0,0,0,0,0,0,1,1,1,1
test03214_chunk_885,test03214,1,0,0,0,0,1,1,1,1,1,1
test03214_chunk_886,test03214,1,0,0,0,0,0,0,0,0,0,0
test01144_chunk_887,test01144,1,0,0,0,0,0,1,1,1,1,1
test01144_chunk_888,test01144,1,0,0,0,0,0,1,1,1,1,1
test01144_chunk_889,test01144,1,0,0,0,0,0,1,1,1,1,1
test01184_chunk_890,test01184,0,0,0,0,0,0,0,1,0,0,0
test01184_chunk_891,test01184,0,1,1,1,1,1,0,0,0,0,0
test01184_chunk_892,test01184,0,1,1,1,1,1,0,0,0,0,0
test00888_chunk_893,test00888,0,1,1,1,1,1,0,0,0,0,0
test00888_chunk_894,test00888,0,1,1,1,1,1,0,0,0,0,0
test00888_chunk_895,test00888,0,1,1,1,1,1,0,0,0,0,0
test01958_chunk_896,test01958,0,0,0,0,0,0,0,1,0,0,0
test01958_chunk_897,test01958,0,0,0,0,0,0,0,0,0,0,0
test01958_chunk_898,test01958,0,0,0,0,0,0,1,1,0,0,0
test02535_chunk_899,test02535,0,0,0,0,0,0,0,0,0,0,0
test02535_chunk_900,test02535,0,0,0,0,0,0,0,1,0,0,0
test02535_chunk_901,test02535,0,0,0,0,0,0,1,1,0,0,0
test01977_chunk_902,test01977,0,0,0,0,0,0,0,0,0,0,0
test01977_chunk_903,test01977,0,0,0,0,0,0,1,1,1,1,1
test01977_chunk_904,test01977,0,0,0,0,0,0,1,1,1,1,0
test01115_chunk_905,test01115,0,0,0,1,1,1,1,1,0,0,0
test01115_chunk_906,test01115,0,1,1,1,1,1,1,1,0,0,0
test01115_chunk_907,test01115,0,1,1,1,1,1,1,1,0,0,0
test02119_chunk_908,test02119,0,0,0,0,0,0,0,1,0,0,0
test02119_chunk_909,test02119,0,0,0,0,0,0,1,1,0,0,0
test02119_chunk_910,test02119,0,0,0,0,0,0,0,0,0,0,1
test02715_chunk_911,test02715,0,0,0,0,0,0,1,0,0,0,0
test02715_chunk_912,test02715,0,0,0,0,0,0,1,1,0,0,0
test02715_chunk_913,test02715,0,0,0,0,0,0,1,1,0,0,0
test03843_chunk_914,test03843,1,1,1,1,1,1,0,1,0,0,0
test03843_chunk_915,test03843,1,1,1,1,1,1,1,1,1,1,1
test03843_chunk_916,test03843,1,1,1,1,1,1,0,1,0,0,0
test03451_chunk_917,test03451,1,1,1,1,1,1,0,1,1,1,1
test03451_chunk_918,test03451,1,1,1,1,1,1,0,1,1,1,1
test03451_chunk_919,test03451,1,1,1,1,1,1,0,1,1,1,1
test00301_chunk_920,test00301,0,0,0,0,0,0,1,1,0,0,0
test00301_chunk_921,test00301,0,0,0,0,0,0,0,1,0,0,0
test00301_chunk_922,test00301,0,0,0,0,0,0,0,1,0,0,0
test03127_chunk_923,test03127,0,0,0,0,0,0,1,1,0,1,0
test03127_chunk_924,test03127,0,0,0,0,0,0,1,1,1,1,0
test03127_chunk_925,test03127,0,0,0,0,0,0,0,0,0,0,0
test03508_chunk_926,test03508,0,0,0,0,0,0,0,1,0,0,0
test03508_chunk_927,test03508,0,0,0,0,0,0,0,1,0,0,0
test03508_chunk_928,test03508,0,0,0,0,0,0,0,1,0,0,0
test04342_chunk_929,test04342,0,0,0,0,0,0,0,0,0,0,0
test04342_chunk_930,test04342,0,0,0,0,0,0,1,1,1,1,1
test04342_chunk_931,test04342,0,0,0,0,0,0,0,1,0,0,0
test01464_chunk_932,test01464,1,1,1,1,1,1,0,0,1,1,1
test01464_chunk_933,test01464,1,1,1,1,1,1,0,0,1,1,1
test01464_chunk_934,test01464,1,1,1,1,1,1,1,1,1,1,1
test01932_chunk_935,test01932,0,0,0,0,0,0,1,1,0,0,0
test01932_chunk_936,test01932,0,0,0,0,0,0,0,0,0,0,0
test01932_chunk_937,test01932,0,0,0,0,0,0,1,1,0,1,0
test01654_chunk_938,test01654,0,0,0,1,1,1,0,0,0,1,0
test01654_chunk_939,test01654,0,0,0,0,0,0,0,0,0,0,0
test01654_chunk_940,test01654,0,0,0,0,0,0,0,0,0,0,0
test02154_chunk_941,test02154,1,0,0,0,0,0,1,0,1,1,1
test02154_chunk_942,test02154,1,1,1,1,1,1,1,1,1,1,1
test02154_chunk_943,test02154,1,1,1,1,1,1,1,1,1,1,1
test02217_chunk_944,test02217,0,0,0,0,0,0,0,0,0,0,0
test02217_chunk_945,test02217,0,0,0,0,0,0,0,1,0,0,0
test02217_chunk_946,test02217,0,0,0,0,0,0,0,0,0,0,0
test01131_chunk_947,test01131,0,0,0,0,0,0,0,0,0,0,0
test01131_chunk_948,test01131,0,0,0,0,0,0,0,0,0,0,0
test01131_chunk_949,test01131,0,0,0,0,0,0,0,0,0,0,0
test02785_chunk_950,test02785,1,1,1,1,1,1,0,0,0,0,0
test02785_chunk_951,test02785,1,1,1,1,1,1,0,0,1,1,1
test02785_chunk_952,test02785,1,1,1,1,1,1,0,0,0,1,1
test02736_chunk_953,test02736,1,1,1,1,1,1,0,1,0,0,1
test02736_chunk_954,test02736,1,1,1,1,1,1,0,1,1,1,1
test02736_chunk_955,test02736,1,1,1,1,1,1,0,1,0,1,1
test00638_chunk_956,test00638,1,0,0,0,0,0,0,0,0,0,0
test00638_chunk_957,test00638,1,1,1,1,1,1,0,0,1,1,1
test00638_chunk_958,test00638,1,1,1,1,1,1,1,1,1,1,1
test02327_chunk_959,test02327,0,1,1,1,1,1,1,0,1,1,1
test02327_chunk_960,test02327,0,0,1,0,0,0,0,0,1,1,1
test02327_chunk_961,test02327,0,0,1,0,0,0,0,0,0,1,0
test02515_chunk_962,test02515,0,0,0,0,0,0,0,0,0,1,0
test02515_chunk_963,test02515,0,1,1,1,1,1,0,0,0,0,0
test02515_chunk_964,test02515,0,0,0,0,0,0,0,0,0,0,0
test02557_chunk_965,test02557,0,1,1,1,1,1,0,0,1,1,1
test02557_chunk_966,test02557,0,1,1,1,1,1,0,0,0,0,0
test02557_chunk_967,test02557,0,1,1,1,1,1,0,0,0,0,0
test00521_chunk_968,test00521,0,1,1,1,1,1,1,1,1,1,1
test00521_chunk_969,test00521,0,0,0,0,0,0,1,1,1,1,1
test00521_chunk_970,test00521,0,0,0,1,0,0,0,1,1,1,1
test01785_chunk_971,test01785,1,0,0,0,0,0,0,0,0,0,0
test01785_chunk_972,test01785,1,0,0,0,0,0,0,0,0,0,0
test01785_chunk_973,test01785,1,0,0,0,0,0,0,0,0,0,0
test02762_chunk_974,test02762,1,1,1,1,1,1,0,0,0,0,0
test02762_chunk_975,test02762,1,1,1,1,1,1,0,0,0,0,0
test02762_chunk_976,test02762,1,0,0,0,0,0,0,0,0,0,0
test00045_chunk_977,test00045,0,1,1,1,1,1,0,0,1,1,1
test00045_chunk_978,test00045,0,1,1,1,1,1,0,0,0,0,0
test00045_chunk_979,test00045,0,1,1,1,1,1,0,0,0,0,0
test02459_chunk_980,test02459,0,0,0,0,0,0,0,1,0,0,0
test02459_chunk_981,test02459,0,0,0,0,0,0,0,1,0,0,1
test02459_chunk_982,test02459,0,0,0,0,0,0,1,1,0,0,0
test00256_chunk_983,test00256,0,0,0,0,0,0,1,1,0,0,0
test00256_chunk_984,test00256,0,0,0,0,0,0,0,1,0,0,0
test00256_chunk_985,test00256,0,0,0,0,0,0,0,0,0,0,0
test02954_chunk_986,test02954,1,0,0,0,0,0,0,0,0,0,0
test02954_chunk_987,test02954,1,0,0,0,0,0,0,0,0,0,0
test02954_chunk_988,test02954,1,0,0,0,0,0,0,0,0,1,0
test00330_chunk_989,test00330,1,1,1,1,1,1,1,0,1,1,1
test00330_chunk_990,test00330,1,0,1,0,0,0,1,1,1,1,1
test00330_chunk_991,test00330,1,1,1,1,1,1,0,0,1,1,1
test04454_chunk_992,test04454,0,0,0,0,0,0,0,0,0,0,0
test04454_chunk_993,test04454,0,0,0,0,0,0,1,1,0,0,0
test04454_chunk_994,test04454,0,0,0,0,0,0,1,1,1,1,1
test00612_chunk_995,test00612,1,0,0,0,0,0,1,1,0,0,1
test00612_chunk_996,test00612,1,0,0,0,0,0,1,1,1,1,1
test00612_chunk_997,test00612,1,0,0,0,0,0,1,1,1,1,1
test02950_chunk_998,test02950,1,0,0,0,0,0,1,1,1,1,1
test02950_chunk_999,test02950,1,0,0,1,0,0,1,1,1,1,1
test02950_chunk_1000,test02950,1,0,0,0,0,0,0,1,0,1,1
test04264_chunk_1001,test04264,1,0,0,0,0,0,0,0,1,1,1
test04264_chunk_1002,test04264,1,0,1,1,1,1,0,0,0,0,0
test04264_chunk_1003,test04264,1,0,0,1,1,1,0,0,0,0,0
test02095_chunk_1004,test02095,0,1,1,1,1,1,0,0,0,0,0
test02095_chunk_1005,test02095,0,0,0,0,0,0,0,1,0,0,0
test02095_chunk_1006,test02095,0,0,0,0,0,0,0,0,0,0,0
test04519_chunk_1007,test04519,1,0,0,0,0,0,0,0,0,0,0
test04519_chunk_1008,test04519,1,0,0,0,0,0,1,1,0,0,1
test04519_chunk_1009,test04519,1,0,0,0,0,0,1,1,1,1,1
test04475_chunk_1010,test04475,1,0,0,1,1,1,1,1,1,1,1
test04475_chunk_1011,test04475,1,0,0,0,0,0,1,1,1,1,1
test04475_chunk_1012,test04475,1,0,0,0,0,0,1,0,1,1,1
test02919_chunk_1013,test02919,0,1,1,1,0,0,0,1,1,1,1
test02919_chunk_1014,test02919,0,0,0,0,0,0,0,1,0,1,1
test02919_chunk_1015,test02919,0,0,0,0,0,0,0,1,1,1,1
test03717_chunk_1016,test03717,0,0,0,0,0,0,1,1,1,1,1
test03717_chunk_1017,test03717,0,0,0,1,1,1,0,0,1,1,1
test03717_chunk_1018,test03717,0,0,0,1,1,1,0,0,1,1,1
test02178_chunk_1019,test02178,0,0,0,0,0,0,0,0,0,0,0
test02178_chunk_1020,test02178,0,0,1,1,1,1,0,0,0,0,0
test02178_chunk_1021,test02178,0,0,0,0,0,0,0,0,0,0,0
test02462_chunk_1022,test02462,0,0,0,0,0,0,0,0,0,0,0
test02462_chunk_1023,test02462,0,0,0,0,0,0,0,0,0,0,0
test02462_chunk_1024,test02462,0,0,0,0,0,0,0,0,0,0,0
test02574_chunk_1025,test02574,0,0,0,0,0,0,0,0,0,0,0
test02574_chunk_1026,test02574,0,0,0,0,0,0,0,1,0,0,0
test02574_chunk_1027,test02574,0,0,0,0,0,0,0,0,0,0,0
test01084_chunk_1028,test01084,1,1,1,1,1,1,0,0,0,0,0
test01084_chunk_1029,test01084,1,1,1,1,1,1,0,0,0,0,1
test01084_chunk_1030,test01084,1,1,1,1,1,1,1,1,0,1,1
test04469_chunk_1031,test04469,0,0,0,0,0,0,0,0,0,0,0
test04469_chunk_1032,test04469,0,0,0,0,0,0,0,0,0,0,0
test04469_chunk_1033,test04469,0,0,0,0,0,0,0,0,0,0,0
test03920_chunk_1034,test03920,0,0,0,0,0,0,0,0,0,0,0
test03920_chunk_1035,test03920,0,0,0,0,0,0,0,0,0,0,0
test03920_chunk_1036,test03920,0,0,0,0,0,0,0,0,0,0,0
test04305_chunk_1037,test04305,0,0,0,0,0,0,1,1,0,0,0
test04305_chunk_1038,test04305,0,0,0,1,0,0,1,1,0,0,0
test04305_chunk_1039,test04305,0,0,0,0,0,0,1,1,1,1,1
test04024_chunk_1040,test04024,0,0,0,0,0,0,0,0,0,0,0
test04024_chunk_1041,test04024,0,1,1,0,0,0,0,0,0,0,0
test04024_chunk_1042,test04024,0,1,1,1,1,1,0,0,0,0,0
test04394_chunk_1043,test04394,1,0,0,0,0,0,0,1,1,1,1
test04394_chunk_1044,test04394,1,1,1,1,1,1,0,1,1,1,1
test04394_chunk_1045,test04394,1,0,0,0,0,0,0,0,0,0,0
test02845_chunk_1046,test02845,0,0,0,1,1,1,0,1,1,1,1
test02845_chunk_1047,test02845,0,1,1,1,1,1,1,1,0,0,0
test02845_chunk_1048,test02845,0,0,0,0,0,0,1,1,0,0,0
test00737_chunk_1049,test00737,0,0,0,0,0,0,0,0,0,0,0
test00737_chunk_1050,test00737,0,0,0,0,0,0,0,0,0,0,0
test00737_chunk_1051,test00737,0,0,0,0,0,0,0,0,0,0,0
test01578_chunk_1052,test01578,0,0,0,0,0,0,1,1,0,0,0
test01578_chunk_1053,test01578,0,0,0,0,1,1,0,0,0,0,0
test01578_chunk_1054,test01578,0,0,1,1,1,1,0,0,0,0,0
test00780_chunk_1055,test00780,0,0,0,0,0,0,0,0,0,0,0
test00780_chunk_1056,test00780,0,0,0,0,0,0,0,0,0,0,0
test00780_chunk_1057,test00780,0,0,0,0,0,0,0,0,0,0,0
test01032_chunk_1058,test01032,1,1,1,1,1,1,1,1,1,1,1
test01032_chunk_1059,test01032,1,1,1,1,1,1,1,1,0,0,0
test01032_chunk_1060,test01032,1,1,1,1,1,1,1,1,1,1,1
test03525_chunk_1061,test03525,0,0,0,0,0,1,0,0,0,0,0
test03525_chunk_1062,test03525,0,1,1,1,1,1,0,0,0,1,1
test03525_chunk_1063,test03525,0,0,0,1,1,1,0,0,0,0,1
test03362_chunk_1064,test03362,1,1,1,1,1,1,1,1,1,1,1
test03362_chunk_1065,test03362,1,1,1,1,1,1,0,1,1,1,1
test03362_chunk_1066,test03362,1,1,1,1,1,1,1,1,1,1,1
test02326_chunk_1067,test02326,0,1,1,1,1,1,0,0,0,0,0
test02326_chunk_1068,test02326,0,1,1,1,1,1,0,0,0,0,0
test02326_chunk_1069,test02326,0,0,1,1,1,1,0,0,0,0,0
