margin,t_low,t_high,coverage,selective_risk,selective_accuracy,false_support_rate
0.0,0.5,0.5,1.0,0.33457943925233646,0.6654205607476635,0.2702702702702703
0.010183673469387755,0.48981632653061224,0.5101836734693878,0.9803738317757009,0.330791229742612,0.669208770257388,0.2627939142461964
0.02036734693877551,0.4796326530612245,0.5203673469387755,0.9514018691588785,0.331041257367387,0.668958742632613,0.26136363636363635
0.030551020408163265,0.46944897959183673,0.5305510204081633,0.9261682242990654,0.32896064581231077,0.6710393541876892,0.2583941605839416
0.04073469387755102,0.459265306122449,0.540734693877551,0.8859813084112149,0.3217299578059072,0.6782700421940928,0.2606060606060606
0.050918367346938775,0.4490816326530612,0.5509183673469388,0.8467289719626169,0.3211920529801324,0.6788079470198676,0.267515923566879
0.06110204081632653,0.43889795918367347,0.5611020408163265,0.8074766355140187,0.3182870370370371,0.6817129629629629,0.271356783919598
0.07128571428571429,0.4287142857142857,0.5712857142857143,0.7691588785046729,0.31591737545565,0.68408262454435,0.276707530647986
0.08146938775510204,0.41853061224489796,0.581469387755102,0.7355140186915888,0.3138500635324015,0.6861499364675985,0.2815884476534296
0.0916530612244898,0.4083469387755102,0.5916530612244898,0.697196261682243,0.32171581769436997,0.67828418230563,0.2928709055876686
0.10183673469387755,0.39816326530612245,0.6018367346938776,0.6691588785046729,0.3226256983240223,0.6773743016759777,0.296
0.1120204081632653,0.3879795918367347,0.6120204081632653,0.6476635514018692,0.3275613275613276,0.6724386724386724,0.2993762993762994
0.12220408163265306,0.37779591836734694,0.6222040816326531,0.6233644859813084,0.33133433283358316,0.6686656671664168,0.3056768558951965
0.13238775510204082,0.3676122448979592,0.6323877551020408,0.6056074766355141,0.32407407407407407,0.6759259259259259,0.30112359550561796
0.14257142857142857,0.35742857142857143,0.6425714285714286,0.5878504672897197,0.32273449920508746,0.6772655007949125,0.3
0.15275510204081633,0.3472448979591837,0.6527551020408163,0.5700934579439252,0.3278688524590164,0.6721311475409836,0.3108433734939759
0.16293877551020408,0.3370612244897959,0.6629387755102041,0.5495327102803739,0.3282312925170068,0.6717687074829932,0.31155778894472363
0.17312244897959184,0.32687755102040816,0.6731224489795918,0.5289719626168224,0.3250883392226148,0.6749116607773852,0.3142857142857143
0.1833061224489796,0.3166938775510204,0.6833061224489796,0.5018691588785047,0.33147113594040967,0.6685288640595903,0.3241758241758242
0.19348979591836735,0.30651020408163265,0.6934897959183673,0.46448598130841123,0.323943661971831,0.676056338028169,0.33136094674556216
0.2036734693877551,0.2963265306122449,0.7036734693877551,0.4261682242990654,0.3377192982456141,0.6622807017543859,0.36363636363636365
0.21385714285714286,0.28614285714285714,0.7138571428571429,0.30093457943925234,0.37577639751552794,0.6242236024844721,0.5270935960591133
0.2240408163265306,0.2759591836734694,0.7240408163265306,0.21401869158878506,0.46288209606986896,0.537117903930131,0.8130081300813008
0.23422448979591837,0.26577551020408163,0.7342244897959184,0.1897196261682243,0.46798029556650245,0.5320197044334976,0.9038461538461539
0.24440816326530612,0.2555918367346939,0.7444081632653061,0.17196261682242991,0.46739130434782605,0.532608695652174,0.9444444444444444
0.2545918367346939,0.24540816326530612,0.7545918367346939,0.14953271028037382,0.48124999999999996,0.51875,1.0
0.26477551020408163,0.23522448979591837,0.7647755102040816,0.13271028037383178,0.47887323943661975,0.5211267605633803,1.0
0.2749591836734694,0.2250408163265306,0.7749591836734694,0.1205607476635514,0.4883720930232558,0.5116279069767442,1.0
0.28514285714285714,0.21485714285714286,0.7851428571428571,0.09906542056074766,0.44339622641509435,0.5566037735849056,1.0
0.2953265306122449,0.2046734693877551,0.7953265306122449,0.0691588785046729,0.5,0.5,1.0
0.30551020408163265,0.19448979591836735,0.8055102040816327,0.014953271028037384,0.4375,0.5625,1.0
